{
  "project_name": "commons-fileupload",
  "total_application_classes": 51,
  "total_application_methods": 274,
  "total_application_ncloc": 1638.0,
  "ncloc_distribution": {
    "mean": 5.978102189781022,
    "p25": 3.0,
    "p50": 3.0,
    "p75": 6.0,
    "p90": 13.700000000000017,
    "max": 72.0,
    "count": 274,
    "total": 1638.0
  },
  "focal_classes_distribution": {
    "mean": 2.111111111111111,
    "p25": 1.0,
    "p50": 2.0,
    "p75": 2.0,
    "p90": 4.0,
    "max": 4.0,
    "count": 9,
    "total": 19.0
  },
  "focal_methods_distribution": {
    "mean": 6.333333333333333,
    "p25": 3.0,
    "p50": 6.0,
    "p75": 9.0,
    "p90": 12.0,
    "max": 12.0,
    "count": 9,
    "total": 57.0
  },
  "total_tests": 9
}