{
  "project_name": "commons-dbcp",
  "total_application_classes": 74,
  "total_application_methods": 1648,
  "total_application_ncloc": 10433.0,
  "ncloc_distribution": {
    "mean": 6.330703883495145,
    "p25": 3.0,
    "p50": 4.0,
    "p75": 8.0,
    "p90": 10.0,
    "max": 107.0,
    "count": 1648,
    "total": 10433.0
  },
  "focal_classes_distribution": {
    "mean": 1.25,
    "p25": 1.0,
    "p50": 1.0,
    "p75": 1.25,
    "p90": 1.7000000000000002,
    "max": 2.0,
    "count": 4,
    "total": 5.0
  },
  "focal_methods_distribution": {
    "mean": 5.0,
    "p25": 2.75,
    "p50": 4.5,
    "p75": 6.75,
    "p90": 8.100000000000001,
    "max": 9.0,
    "count": 4,
    "total": 20.0
  },
  "total_tests": 4
}