{
  "project_name": "commons-lang",
  "total_application_classes": 364,
  "total_application_methods": 3972,
  "total_application_ncloc": 25332.0,
  "ncloc_distribution": {
    "mean": 6.377643504531722,
    "p25": 3.0,
    "p50": 3.0,
    "p75": 6.0,
    "p90": 13.0,
    "max": 140.0,
    "count": 3972,
    "total": 25332.0
  },
  "focal_classes_distribution": {
    "mean": 1.3076923076923077,
    "p25": 1.0,
    "p50": 1.0,
    "p75": 2.0,
    "p90": 2.0,
    "max": 3.0,
    "count": 117,
    "total": 153.0
  },
  "focal_methods_distribution": {
    "mean": 1.9743589743589745,
    "p25": 1.0,
    "p50": 1.0,
    "p75": 2.0,
    "p90": 5.0,
    "max": 9.0,
    "count": 117,
    "total": 231.0
  },
  "total_tests": 117
}