{
  "project_name": "commons-beanutils",
  "total_application_classes": 138,
  "total_application_methods": 758,
  "total_application_ncloc": 6254.0,
  "ncloc_distribution": {
    "mean": 8.25065963060686,
    "p25": 3.0,
    "p50": 3.0,
    "p75": 10.0,
    "p90": 20.0,
    "max": 142.0,
    "count": 758,
    "total": 6254.0
  },
  "focal_classes_distribution": {
    "mean": 1.1428571428571428,
    "p25": 1.0,
    "p50": 1.0,
    "p75": 1.0,
    "p90": 1.700000000000001,
    "max": 2.0,
    "count": 14,
    "total": 16.0
  },
  "focal_methods_distribution": {
    "mean": 1.4285714285714286,
    "p25": 1.0,
    "p50": 1.0,
    "p75": 1.0,
    "p90": 2.700000000000001,
    "max": 4.0,
    "count": 14,
    "total": 20.0
  },
  "total_tests": 14
}