{
  "project_name": "commons-bcel",
  "total_application_classes": 464,
  "total_application_methods": 3482,
  "total_application_ncloc": 23920.0,
  "ncloc_distribution": {
    "mean": 6.869615163699024,
    "p25": 3.0,
    "p50": 3.0,
    "p75": 7.0,
    "p90": 14.0,
    "max": 314.0,
    "count": 3482,
    "total": 23920.0
  },
  "focal_classes_distribution": {
    "mean": 2.4285714285714284,
    "p25": 1.5,
    "p50": 2.0,
    "p75": 3.5,
    "p90": 4.0,
    "max": 4.0,
    "count": 7,
    "total": 17.0
  },
  "focal_methods_distribution": {
    "mean": 4.142857142857143,
    "p25": 2.0,
    "p50": 3.0,
    "p75": 6.5,
    "p90": 8.0,
    "max": 8.0,
    "count": 7,
    "total": 29.0
  },
  "total_tests": 7
}