{
  "project_name": "commons-vfs",
  "total_application_classes": 379,
  "total_application_methods": 2579,
  "total_application_ncloc": 15021.0,
  "ncloc_distribution": {
    "mean": 5.824350523458705,
    "p25": 3.0,
    "p50": 3.0,
    "p75": 6.0,
    "p90": 12.0,
    "max": 107.0,
    "count": 2579,
    "total": 15021.0
  },
  "focal_classes_distribution": {
    "mean": 2.64,
    "p25": 1.0,
    "p50": 3.0,
    "p75": 3.0,
    "p90": 4.600000000000001,
    "max": 5.0,
    "count": 25,
    "total": 66.0
  },
  "focal_methods_distribution": {
    "mean": 8.64,
    "p25": 1.0,
    "p50": 11.0,
    "p75": 13.0,
    "p90": 15.0,
    "max": 17.0,
    "count": 25,
    "total": 216.0
  },
  "total_tests": 25
}