{
  "project_name": "commons-cli",
  "total_application_classes": 46,
  "total_application_methods": 470,
  "total_application_ncloc": 2827.0,
  "ncloc_distribution": {
    "mean": 6.014893617021277,
    "p25": 3.0,
    "p50": 3.0,
    "p75": 5.0,
    "p90": 13.100000000000023,
    "max": 64.0,
    "count": 470,
    "total": 2827.0
  },
  "focal_classes_distribution": {
    "mean": 2.5384615384615383,
    "p25": 2.0,
    "p50": 2.0,
    "p75": 3.0,
    "p90": 5.0,
    "max": 6.0,
    "count": 26,
    "total": 66.0
  },
  "focal_methods_distribution": {
    "mean": 3.3846153846153846,
    "p25": 1.0,
    "p50": 3.0,
    "p75": 5.0,
    "p90": 6.0,
    "max": 11.0,
    "count": 26,
    "total": 88.0
  },
  "total_tests": 26
}