{
  "project_name": "commons-math",
  "total_application_classes": 786,
  "total_application_methods": 4449,
  "total_application_ncloc": 43790.0,
  "ncloc_distribution": {
    "mean": 9.842661272195999,
    "p25": 3.0,
    "p50": 3.0,
    "p75": 11.0,
    "p90": 22.0,
    "max": 638.0,
    "count": 4449,
    "total": 43790.0
  },
  "focal_classes_distribution": {
    "mean": 1.6842105263157894,
    "p25": 1.0,
    "p50": 1.0,
    "p75": 2.5,
    "p90": 3.0,
    "max": 3.0,
    "count": 19,
    "total": 32.0
  },
  "focal_methods_distribution": {
    "mean": 4.526315789473684,
    "p25": 1.0,
    "p50": 2.0,
    "p75": 4.0,
    "p90": 13.399999999999995,
    "max": 19.0,
    "count": 19,
    "total": 86.0
  },
  "total_tests": 19
}