{
  "total_projects": 27,
  "successful_projects": 20,
  "failed_projects": 2,
  "no_dataset_projects": 5,
  "total_application_classes": 4482,
  "total_application_methods": 33712,
  "total_application_ncloc": 246970.0,
  "total_tests": 488,
  "aggregate_ncloc_distribution": {
    "mean": 7.325878025628856,
    "p25": 3.0,
    "p50": 3.0,
    "p75": 7.0,
    "p90": 15.0,
    "max": 638.0,
    "count": 33712,
    "total": 246970.0
  },
  "aggregate_focal_classes_distribution": {
    "mean": 1.5737704918032787,
    "p25": 1.0,
    "p50": 1.0,
    "p75": 2.0,
    "p90": 3.0,
    "max": 6.0,
    "count": 488,
    "total": 768.0
  },
  "aggregate_focal_methods_distribution": {
    "mean": 2.985655737704918,
    "p25": 1.0,
    "p50": 2.0,
    "p75": 4.0,
    "p90": 6.0,
    "max": 19.0,
    "count": 488,
    "total": 1457.0
  },
  "projects": [
    {
      "project_name": "commons-bcel",
      "total_application_classes": 464,
      "total_application_methods": 3482,
      "total_application_ncloc": 23920.0,
      "ncloc_distribution": {
        "mean": 6.869615163699024,
        "p25": 3.0,
        "p50": 3.0,
        "p75": 7.0,
        "p90": 14.0,
        "max": 314.0,
        "count": 3482,
        "total": 23920.0
      },
      "focal_classes_distribution": {
        "mean": 2.4285714285714284,
        "p25": 1.5,
        "p50": 2.0,
        "p75": 3.5,
        "p90": 4.0,
        "max": 4.0,
        "count": 7,
        "total": 17.0
      },
      "focal_methods_distribution": {
        "mean": 4.142857142857143,
        "p25": 2.0,
        "p50": 3.0,
        "p75": 6.5,
        "p90": 8.0,
        "max": 8.0,
        "count": 7,
        "total": 29.0
      },
      "total_tests": 7
    },
    {
      "project_name": "commons-beanutils",
      "total_application_classes": 138,
      "total_application_methods": 758,
      "total_application_ncloc": 6254.0,
      "ncloc_distribution": {
        "mean": 8.25065963060686,
        "p25": 3.0,
        "p50": 3.0,
        "p75": 10.0,
        "p90": 20.0,
        "max": 142.0,
        "count": 758,
        "total": 6254.0
      },
      "focal_classes_distribution": {
        "mean": 1.1428571428571428,
        "p25": 1.0,
        "p50": 1.0,
        "p75": 1.0,
        "p90": 1.700000000000001,
        "max": 2.0,
        "count": 14,
        "total": 16.0
      },
      "focal_methods_distribution": {
        "mean": 1.4285714285714286,
        "p25": 1.0,
        "p50": 1.0,
        "p75": 1.0,
        "p90": 2.700000000000001,
        "max": 4.0,
        "count": 14,
        "total": 20.0
      },
      "total_tests": 14
    },
    {
      "project_name": "commons-cli",
      "total_application_classes": 46,
      "total_application_methods": 470,
      "total_application_ncloc": 2827.0,
      "ncloc_distribution": {
        "mean": 6.014893617021277,
        "p25": 3.0,
        "p50": 3.0,
        "p75": 5.0,
        "p90": 13.100000000000023,
        "max": 64.0,
        "count": 470,
        "total": 2827.0
      },
      "focal_classes_distribution": {
        "mean": 2.5384615384615383,
        "p25": 2.0,
        "p50": 2.0,
        "p75": 3.0,
        "p90": 5.0,
        "max": 6.0,
        "count": 26,
        "total": 66.0
      },
      "focal_methods_distribution": {
        "mean": 3.3846153846153846,
        "p25": 1.0,
        "p50": 3.0,
        "p75": 5.0,
        "p90": 6.0,
        "max": 11.0,
        "count": 26,
        "total": 88.0
      },
      "total_tests": 26
    },
    {
      "project_name": "commons-codec",
      "total_application_classes": 111,
      "total_application_methods": 875,
      "total_application_ncloc": 6639.0,
      "ncloc_distribution": {
        "mean": 7.587428571428571,
        "p25": 3.0,
        "p50": 3.0,
        "p75": 7.0,
        "p90": 15.0,
        "max": 202.0,
        "count": 875,
        "total": 6639.0
      },
      "focal_classes_distribution": {
        "mean": 1.45,
        "p25": 1.0,
        "p50": 1.0,
        "p75": 2.0,
        "p90": 2.0,
        "max": 2.0,
        "count": 40,
        "total": 58.0
      },
      "focal_methods_distribution": {
        "mean": 2.775,
        "p25": 1.0,
        "p50": 2.0,
        "p75": 4.0,
        "p90": 7.0,
        "max": 9.0,
        "count": 40,
        "total": 111.0
      },
      "total_tests": 40
    },
    {
      "project_name": "commons-configuration",
      "total_application_classes": 324,
      "total_application_methods": 2765,
      "total_application_ncloc": 15545.0,
      "ncloc_distribution": {
        "mean": 5.6220614828209765,
        "p25": 3.0,
        "p50": 3.0,
        "p75": 6.0,
        "p90": 12.0,
        "max": 245.0,
        "count": 2765,
        "total": 15545.0
      },
      "focal_classes_distribution": {
        "mean": 1.0,
        "p25": 1.0,
        "p50": 1.0,
        "p75": 1.0,
        "p90": 1.0,
        "max": 1.0,
        "count": 1,
        "total": 1.0
      },
      "focal_methods_distribution": {
        "mean": 2.0,
        "p25": 2.0,
        "p50": 2.0,
        "p75": 2.0,
        "p90": 2.0,
        "max": 2.0,
        "count": 1,
        "total": 2.0
      },
      "total_tests": 1
    },
    {
      "project_name": "commons-csv",
      "total_application_classes": 17,
      "total_application_methods": 259,
      "total_application_ncloc": 1737.0,
      "ncloc_distribution": {
        "mean": 6.706563706563706,
        "p25": 3.0,
        "p50": 3.0,
        "p75": 5.0,
        "p90": 14.0,
        "max": 76.0,
        "count": 259,
        "total": 1737.0
      },
      "focal_classes_distribution": {
        "mean": 1.9375,
        "p25": 1.0,
        "p50": 2.0,
        "p75": 2.25,
        "p90": 3.0,
        "max": 3.0,
        "count": 16,
        "total": 31.0
      },
      "focal_methods_distribution": {
        "mean": 3.0625,
        "p25": 2.0,
        "p50": 3.0,
        "p75": 3.5,
        "p90": 5.5,
        "max": 7.0,
        "count": 16,
        "total": 49.0
      },
      "total_tests": 16
    },
    {
      "project_name": "commons-dbcp",
      "total_application_classes": 74,
      "total_application_methods": 1648,
      "total_application_ncloc": 10433.0,
      "ncloc_distribution": {
        "mean": 6.330703883495145,
        "p25": 3.0,
        "p50": 4.0,
        "p75": 8.0,
        "p90": 10.0,
        "max": 107.0,
        "count": 1648,
        "total": 10433.0
      },
      "focal_classes_distribution": {
        "mean": 1.25,
        "p25": 1.0,
        "p50": 1.0,
        "p75": 1.25,
        "p90": 1.7000000000000002,
        "max": 2.0,
        "count": 4,
        "total": 5.0
      },
      "focal_methods_distribution": {
        "mean": 5.0,
        "p25": 2.75,
        "p50": 4.5,
        "p75": 6.75,
        "p90": 8.100000000000001,
        "max": 9.0,
        "count": 4,
        "total": 20.0
      },
      "total_tests": 4
    },
    {
      "project_name": "commons-dbutils",
      "total_application_classes": 50,
      "total_application_methods": 459,
      "total_application_ncloc": 2106.0,
      "ncloc_distribution": {
        "mean": 4.588235294117647,
        "p25": 3.0,
        "p50": 3.0,
        "p75": 3.0,
        "p90": 8.0,
        "max": 39.0,
        "count": 459,
        "total": 2106.0
      },
      "focal_classes_distribution": {
        "mean": 1.0,
        "p25": 1.0,
        "p50": 1.0,
        "p75": 1.0,
        "p90": 1.0,
        "max": 1.0,
        "count": 3,
        "total": 3.0
      },
      "focal_methods_distribution": {
        "mean": 1.0,
        "p25": 1.0,
        "p50": 1.0,
        "p75": 1.0,
        "p90": 1.0,
        "max": 1.0,
        "count": 3,
        "total": 3.0
      },
      "total_tests": 3
    },
    {
      "project_name": "commons-exec",
      "total_application_classes": 40,
      "total_application_methods": 225,
      "total_application_ncloc": 1325.0,
      "ncloc_distribution": {
        "mean": 5.888888888888889,