{
  "project_name": "commons-exec",
  "total_application_classes": 40,
  "total_application_methods": 225,
  "total_application_ncloc": 1325.0,
  "ncloc_distribution": {
    "mean": 5.888888888888889,
    "p25": 3.0,
    "p50": 3.0,
    "p75": 5.0,
    "p90": 11.0,
    "max": 71.0,
    "count": 225,
    "total": 1325.0
  },
  "focal_classes_distribution": {
    "mean": 1.3333333333333333,
    "p25": 1.0,
    "p50": 1.0,
    "p75": 1.75,
    "p90": 2.0,
    "max": 2.0,
    "count": 6,
    "total": 8.0
  },
  "focal_methods_distribution": {
    "mean": 3.8333333333333335,
    "p25": 1.0,
    "p50": 2.5,
    "p75": 4.0,
    "p90": 8.0,
    "max": 12.0,
    "count": 6,
    "total": 23.0
  },
  "total_tests": 6
}