{
  "project_name": "commons-io",
  "total_application_classes": 340,
  "total_application_methods": 2537,
  "total_application_ncloc": 13029.0,
  "ncloc_distribution": {
    "mean": 5.135593220338983,
    "p25": 3.0,
    "p50": 3.0,
    "p75": 5.0,
    "p90": 10.0,
    "max": 79.0,
    "count": 2537,
    "total": 13029.0
  },
  "focal_classes_distribution": {
    "mean": 1.218487394957983,
    "p25": 1.0,
    "p50": 1.0,
    "p75": 1.0,
    "p90": 2.0,
    "max": 3.0,
    "count": 119,
    "total": 145.0
  },
  "focal_methods_distribution": {
    "mean": 2.310924369747899,
    "p25": 1.0,
    "p50": 2.0,
    "p75": 3.0,
    "p90": 5.0,
    "max": 7.0,
    "count": 119,
    "total": 275.0
  },
  "total_tests": 119
}